angle,ad_count,avg_days,competitors,top_example
Data Credibility,1,320,CollegeVine,"See your real chances at 1,500+ colleges — for free"
Stat Shock,1,280,CollegeVine,The average high school student gets 38 minutes of college counseling
Social Proof Volume,1,210,Leverage Edu,"Dream of studying in the USA? Our expert counselors have helped 10,000+ students"
Price Anchor,1,195,CollegeVine,Why pay $300/hr for a college counselor when AI does it better?
Guilt Fear,1,180,Leverage Edu,Your parents worked hard for this moment. Don't let a poor application ruin your
Scale Credibility,1,160,Edvoy,"75,000+ courses. 750+ universities. 15+ countries."
Geographic Social Proof,1,145,Leverage Edu,Stop guessing. Start knowing.
Outcome Proof,1,120,Crimson Education,Our students received 48 Ivy League offers in Early Decision 2024
Authenticity,1,61,AskUni,Ask any university question and get answers from students who actually go there.
