platform,subreddit,title,author,date,date_full,upvotes,upvote_ratio,comments,url,selftext_length,is_self,link_flair_text,post_id,source_label
Reddit,r/ClaudeAI,Taught Claude to talk like a caveman to use 75% less tokens.,ffatty,2026-04-03,2026-04-03 18:19:27,10995,0.95,498,https://reddit.com/r/ClaudeAI/comments/1sble09/taught_claude_to_talk_like_a_caveman_to_use_75/,0,False,Other,1sble09,claudeai_top_all
Reddit,r/ClaudeAI,Why the majority of vibe coded projects fail,harrysofgaming,2026-03-13,2026-03-13 23:15:27,8216,0.98,740,https://reddit.com/r/ClaudeAI/comments/1rt31th/why_the_majority_of_vibe_coded_projects_fail/,0,False,Vibe Coding,1rt31th,claudeai_top_all
Reddit,r/ClaudeAI,Good job Anthropic 👏🏻 you just became the top closed Ai company in my books,No_Vehicle7826,2026-02-17,2026-02-17 07:28:40,7362,0.96,430,https://reddit.com/r/ClaudeAI/comments/1r6zn7j/good_job_anthropic_you_just_became_the_top_closed/,0,False,News,1r6zn7j,claudeai_top_all
Reddit,r/ClaudeAI,Claude’s extended thinking found out about Iran in real time,schuttdev,2026-03-01,2026-03-01 22:46:43,7094,0.99,178,https://reddit.com/r/ClaudeAI/comments/1ribnke/claudes_extended_thinking_found_out_about_iran_in/,98,False,Humor,1ribnke,claudeai_top_all
Reddit,r/ClaudeAI,"Outside Anthropic Office in SF ""Thank You""",BuildwithVignesh,2026-02-27,2026-02-27 20:40:27,7072,0.98,204,https://reddit.com/r/ClaudeAI/comments/1rgi8im/outside_anthropic_office_in_sf_thank_you/,64,False,Praise,1rgi8im,claudeai_top_all
Reddit,r/ClaudeAI,Caught red handed,MetaKnowing,2026-03-09,2026-03-09 11:15:51,6552,0.98,147,https://reddit.com/r/ClaudeAI/comments/1roxf97/caught_red_handed/,0,False,Humor,1roxf97,claudeai_top_all
Reddit,r/ClaudeAI,Claude has overtaken ChatGPT in the Apple App Store,Pure_Perception7328,2026-02-28,2026-02-28 23:01:47,6435,0.98,219,https://reddit.com/r/ClaudeAI/comments/1rhgsjz/claude_has_overtaken_chatgpt_in_the_apple_app/,0,False,Praise,1rhgsjz,claudeai_top_all
Reddit,r/ClaudeAI,25 years. Multiple specialists. Zero answers. One Claude conversation cracked it.,the_kuka,2026-03-26,2026-03-26 08:08:06,5681,0.68,1089,https://reddit.com/r/ClaudeAI/comments/1s41fny/25_years_multiple_specialists_zero_answers_one/,2101,False,NOT about coding,1s41fny,claudeai_top_all
Reddit,r/ClaudeAI,i dug through claude code's leaked source and anthropic's codebase is absolutely unhinged,Clear_Reserve_8089,2026-03-31,2026-03-31 12:07:47,5472,0.92,668,https://reddit.com/r/ClaudeAI/comments/1s8lkkm/i_dug_through_claude_codes_leaked_source_and/,5088,True,:redditgold: Workaround,1s8lkkm,claudeai_top_all
Reddit,r/ClaudeAI,Just in case,JerryH_,2026-03-19,2026-03-19 16:41:31,5068,0.99,82,https://reddit.com/r/ClaudeAI/comments/1ry5hkp/just_in_case/,0,False,Humor,1ry5hkp,claudeai_top_all
